Job Title,Company,Location,Employment Type,Posted Date,Job Description,Apply Link
Data Analyst Quality & Safety,MEDSTAR HEALTH,"Washington, US",Full-time,2025-04-13T00:00:00.000Z,"General Summary of Position
The MedStar Institute of Innovation (MI2) Data Analyst collaborates with engineering, operations, and project teams to deliver meaningful and actionable insights. This position is responsible for cleaning, collating, analyzing, and visualizing operational and clinical dat...",https://careers.medstarhealth.org/global/en/job/req43258/Data-Analyst-Quality-Safety?utm_campaign=google_jobs_apply&utm_source=google_jobs_apply&utm_medium=organic
"Data Analyst, Global Tax Services",Amazon.com Services LLC,"Arlington, US",Full-time,2025-04-15T00:00:00.000Z,"- 1+ years of tax, finance or a related analytical field experience - 2+ years of complex Excel VBA macros writing experience - Bachelor's degree or equivalent - Experience defining requirements and using data and metrics to draw business insights - Experience with SQL or ETL
Join Amazon’s Tax Team ...",https://www.indeed.com/viewjob?jk=bcc0c55d42409f37&utm_campaign=google_jobs_apply&utm_source=google_jobs_apply&utm_medium=organic
Data Analyst MUST HAVE HASTUS experience,Zenosys,"Alexandria, US",Contractor,2025-04-15T00:00:00.000Z,"Hello,

Zenosys is looking for Data Analyst client Alexandria, VA If you are available and interested in the below opportunity, please send me updated resume. Thanks

Job Title Data Analyst

Location- Alexandria, VA (Hybrid)

Duration 12+ Months Contracts Highly Chance to Extend

If you are interest...",https://www.dice.com/job-detail/9686e56e-3834-4c03-9fdf-98ce1ebc5ed8?utm_campaign=google_jobs_apply&utm_source=google_jobs_apply&utm_medium=organic
Data Analyst II,Crystal Equation,"Washington, US",Full-time,2025-04-01T00:00:00.000Z,"Data Analyst II

Onsite

Summary:

We are seeking a highly skilled and experienced Data Analyst to join our Data Engineering team. As a key member of our team, you will be responsible for providing data analysis support to Global Operations across the organization. Your primary focus will be on reso...",https://jobs.crystalequation.com/Data-Analyst-II-Jobs-in-Washington-DC/12369706?utm_campaign=google_jobs_apply&utm_source=google_jobs_apply&utm_medium=organic
Data Analyst Jobs,"Technomics, Inc.","Arlington, US",Full-time,2025-04-17T12:00:00.000Z,"Overview

Technomics is a growing employee-owned, decision analytics company that specializes in cost and economic analysis to facilitate better decisions faster. We enable a wide range of clients across the Federal government, from senior level policy makers to program managers, to choose smartly, ...",https://www.clearancejobs.com/jobs/5601704/data-analyst?utm_campaign=google_jobs_apply&utm_source=google_jobs_apply&utm_medium=organic
"Operations Data Analyst, HAP Tech","Berkeley Research Group, LLC","Washington, US",Full-time,,HAP Tech is one of the firm’s largest and fastest growing practices. This innovative group is currently looking for talented and dynamic professionals to join us as we continue to grow! HAP Tech supports and advises pharmaceutical manufacturers on how to navigate the challenges and complexities of t...,https://www.indeed.com/viewjob?jk=cecffc025f36cebb&utm_campaign=google_jobs_apply&utm_source=google_jobs_apply&utm_medium=organic
Data Analyst III-536318 Jobs,DNI Delaware Nation Industries,"Arlington, US",Full-time,2025-04-14T00:00:00.000Z,"Description

The Bureau of Overseas Buildings Operations (OBO) directs the worldwide overseas building program for the Department of State. Working with other offices and bureaus, foreign affairs agencies, and Congress, OBO's challenge is to set worldwide priorities for the design, construction, acq...",https://www.clearancejobs.com/jobs/8309043/data-analyst-iii-536318?utm_campaign=google_jobs_apply&utm_source=google_jobs_apply&utm_medium=organic
Data Analyst Supporting the FBI,FSA Federal,"Washington, US",Full-time,2025-03-27T00:00:00.000Z,"Description

Be a part of the nationwide law enforcement initiative that removes the tools of crime from criminal organizations, depriving wrongdoers of proceeds from their crime and impacting the infrastructure of criminal enterprises.

EnProVera, owned and operated by government veterans with exte...","https://www.ziprecruiter.com/c/FSA-Federal/Job/Data-Analyst-Supporting-the-FBI/-in-Washington,DC?jid=29ad7564c2221238&utm_campaign=google_jobs_apply&utm_source=google_jobs_apply&utm_medium=organic"
Manager Data Analytics,Nestlé,"Arlington, US",Full-time,2025-04-07T00:00:00.000Z,"Foods you love. Brands you trust. And a career that empowers you to grow.

At Nestlé USA, we’re all working towards the same goal – to delight and deliver for our consumers. With a rich portfolio of beloved brands, including DiGiorno, Toll House, and Coffee mate, in 97% of U.S. households, we have a...",https://www.linkedin.com/jobs/view/manager-data-analytics-at-nestl%C3%A9-4195885135?utm_campaign=google_jobs_apply&utm_source=google_jobs_apply&utm_medium=organic
Junior Data Analyst,Noblis,"Washington, US",Full-time,,"Noblis is hiring a Junior Data Analyst with 0 - 3 years of experience. Based in United States - Washington, D.C. and with Hybrid ways of working.

Job description and responsibilities:

Noblis is currently seeking a Transportation Engineer/Planner/Data Analyst--Junior for our Surface Transportation ...",https://www.dataanalyst.com/job/junior-data-analyst-4bac7?utm_campaign=google_jobs_apply&utm_source=google_jobs_apply&utm_medium=organic
